EmployeeID,DepartmentID,FirstName,LastName,Email,Phone,HireDate,JobTitle,Status
1,1,Employee1,User,employee1@company.com,9876500001,2025-12-30,Software Engineer,Active
2,2,Employee2,User,employee2@company.com,9876500002,2025-12-29,Senior Engineer,Active
3,3,Employee3,User,employee3@company.com,9876500003,2025-12-28,Analyst,Active
4,4,Employee4,User,employee4@company.com,9876500004,2025-12-27,Manager,Active
5,5,Employee5,User,employee5@company.com,9876500005,2025-12-26,Consultant,Active
6,6,Employee6,User,employee6@company.com,9876500006,2025-12-25,Developer,Active
7,7,Employee7,User,employee7@company.com,9876500007,2025-12-24,Software Engineer,Active
8,8,Employee8,User,employee8@company.com,9876500008,2025-12-23,Senior Engineer,Active
9,9,Employee9,User,employee9@company.com,9876500009,2025-12-22,Analyst,Active
10,10,Employee10,User,employee10@company.com,9876500010,2025-12-21,Manager,Active
11,1,Employee11,User,employee11@company.com,9876500011,2025-12-20,Consultant,Active
12,2,Employee12,User,employee12@company.com,9876500012,2025-12-19,Developer,Active
13,3,Employee13,User,employee13@company.com,9876500013,2025-12-18,Software Engineer,Active
14,4,Employee14,User,employee14@company.com,9876500014,2025-12-17,Senior Engineer,Active
15,5,Employee15,User,employee15@company.com,9876500015,2025-12-16,Analyst,Active
16,6,Employee16,User,employee16@company.com,9876500016,2025-12-15,Manager,Active
17,7,Employee17,User,employee17@company.com,9876500017,2025-12-14,Consultant,Active
18,8,Employee18,User,employee18@company.com,9876500018,2025-12-13,Developer,Active
19,9,Employee19,User,employee19@company.com,9876500019,2025-12-12,Software Engineer,Active
20,10,Employee20,User,employee20@company.com,9876500020,2025-12-11,Senior Engineer,Active
21,1,Employee21,User,employee21@company.com,9876500021,2025-12-10,Analyst,Active
22,2,Employee22,User,employee22@company.com,9876500022,2025-12-09,Manager,Active
23,3,Employee23,User,employee23@company.com,9876500023,2025-12-08,Consultant,Active
24,4,Employee24,User,employee24@company.com,9876500024,2025-12-07,Developer,Active
25,5,Employee25,User,employee25@company.com,9876500025,2025-12-06,Software Engineer,Active
26,6,Employee26,User,employee26@company.com,9876500026,2025-12-05,Senior Engineer,Active
27,7,Employee27,User,employee27@company.com,9876500027,2025-12-04,Analyst,Active
28,8,Employee28,User,employee28@company.com,9876500028,2025-12-03,Manager,Active
29,9,Employee29,User,employee29@company.com,9876500029,2025-12-02,Consultant,Active
30,10,Employee30,User,employee30@company.com,9876500030,2025-12-01,Developer,Active
31,1,Employee31,User,employee31@company.com,9876500031,2025-11-30,Software Engineer,Active
32,2,Employee32,User,employee32@company.com,9876500032,2025-11-29,Senior Engineer,Active
33,3,Employee33,User,employee33@company.com,9876500033,2025-11-28,Analyst,Active
34,4,Employee34,User,employee34@company.com,9876500034,2025-11-27,Manager,Active
35,5,Employee35,User,employee35@company.com,9876500035,2025-11-26,Consultant,Active
36,6,Employee36,User,employee36@company.com,9876500036,2025-11-25,Developer,Active
37,7,Employee37,User,employee37@company.com,9876500037,2025-11-24,Software Engineer,Active
38,8,Employee38,User,employee38@company.com,9876500038,2025-11-23,Senior Engineer,Active
39,9,Employee39,User,employee39@company.com,9876500039,2025-11-22,Analyst,Active
40,10,Employee40,User,employee40@company.com,9876500040,2025-11-21,Manager,Active
41,1,Employee41,User,employee41@company.com,9876500041,2025-11-20,Consultant,Active
42,2,Employee42,User,employee42@company.com,9876500042,2025-11-19,Developer,Active
43,3,Employee43,User,employee43@company.com,9876500043,2025-11-18,Software Engineer,Active
44,4,Employee44,User,employee44@company.com,9876500044,2025-11-17,Senior Engineer,Active
45,5,Employee45,User,employee45@company.com,9876500045,2025-11-16,Analyst,Active
46,6,Employee46,User,employee46@company.com,9876500046,2025-11-15,Manager,Active
47,7,Employee47,User,employee47@company.com,9876500047,2025-11-14,Consultant,Active
48,8,Employee48,User,employee48@company.com,9876500048,2025-11-13,Developer,Active
49,9,Employee49,User,employee49@company.com,9876500049,2025-11-12,Software Engineer,Active
50,10,Employee50,User,employee50@company.com,9876500050,2025-11-11,Senior Engineer,Active
51,1,Employee51,User,employee51@company.com,9876500051,2025-11-10,Analyst,Active
52,2,Employee52,User,employee52@company.com,9876500052,2025-11-09,Manager,Active
53,3,Employee53,User,employee53@company.com,9876500053,2025-11-08,Consultant,Active
54,4,Employee54,User,employee54@company.com,9876500054,2025-11-07,Developer,Active
55,5,Employee55,User,employee55@company.com,9876500055,2025-11-06,Software Engineer,Active
56,6,Employee56,User,employee56@company.com,9876500056,2025-11-05,Senior Engineer,Active
57,7,Employee57,User,employee57@company.com,9876500057,2025-11-04,Analyst,Active
58,8,Employee58,User,employee58@company.com,9876500058,2025-11-03,Manager,Active
59,9,Employee59,User,employee59@company.com,9876500059,2025-11-02,Consultant,Active
60,10,Employee60,User,employee60@company.com,9876500060,2025-11-01,Developer,Active
61,1,Employee61,User,employee61@company.com,9876500061,2025-10-31,Software Engineer,Active
62,2,Employee62,User,employee62@company.com,9876500062,2025-10-30,Senior Engineer,Active
63,3,Employee63,User,employee63@company.com,9876500063,2025-10-29,Analyst,Active
64,4,Employee64,User,employee64@company.com,9876500064,2025-10-28,Manager,Active
65,5,Employee65,User,employee65@company.com,9876500065,2025-10-27,Consultant,Active
66,6,Employee66,User,employee66@company.com,9876500066,2025-10-26,Developer,Active
67,7,Employee67,User,employee67@company.com,9876500067,2025-10-25,Software Engineer,Active
68,8,Employee68,User,employee68@company.com,9876500068,2025-10-24,Senior Engineer,Active
69,9,Employee69,User,employee69@company.com,9876500069,2025-10-23,Analyst,Active
70,10,Employee70,User,employee70@company.com,9876500070,2025-10-22,Manager,Active
71,1,Employee71,User,employee71@company.com,9876500071,2025-10-21,Consultant,Active
72,2,Employee72,User,employee72@company.com,9876500072,2025-10-20,Developer,Active
73,3,Employee73,User,employee73@company.com,9876500073,2025-10-19,Software Engineer,Active
74,4,Employee74,User,employee74@company.com,9876500074,2025-10-18,Senior Engineer,Active
75,5,Employee75,User,employee75@company.com,9876500075,2025-10-17,Analyst,Active
76,6,Employee76,User,employee76@company.com,9876500076,2025-10-16,Manager,Active
77,7,Employee77,User,employee77@company.com,9876500077,2025-10-15,Consultant,Active
78,8,Employee78,User,employee78@company.com,9876500078,2025-10-14,Developer,Active
79,9,Employee79,User,employee79@company.com,9876500079,2025-10-13,Software Engineer,Active
80,10,Employee80,User,employee80@company.com,9876500080,2025-10-12,Senior Engineer,Active
81,1,Employee81,User,employee81@company.com,9876500081,2025-10-11,Analyst,Active
82,2,Employee82,User,employee82@company.com,9876500082,2025-10-10,Manager,Active
83,3,Employee83,User,employee83@company.com,9876500083,2025-10-09,Consultant,Active
84,4,Employee84,User,employee84@company.com,9876500084,2025-10-08,Developer,Active
85,5,Employee85,User,employee85@company.com,9876500085,2025-10-07,Software Engineer,Active
86,6,Employee86,User,employee86@company.com,9876500086,2025-10-06,Senior Engineer,Active
87,7,Employee87,User,employee87@company.com,9876500087,2025-10-05,Analyst,Active
88,8,Employee88,User,employee88@company.com,9876500088,2025-10-04,Manager,Active
89,9,Employee89,User,employee89@company.com,9876500089,2025-10-03,Consultant,Active
90,10,Employee90,User,employee90@company.com,9876500090,2025-10-02,Developer,Active
91,1,Employee91,User,employee91@company.com,9876500091,2025-10-01,Software Engineer,Active
92,2,Employee92,User,employee92@company.com,9876500092,2025-09-30,Senior Engineer,Active
93,3,Employee93,User,employee93@company.com,9876500093,2025-09-29,Analyst,Active
94,4,Employee94,User,employee94@company.com,9876500094,2025-09-28,Manager,Active
95,5,Employee95,User,employee95@company.com,9876500095,2025-09-27,Consultant,Active
96,6,Employee96,User,employee96@company.com,9876500096,2025-09-26,Developer,Active
97,7,Employee97,User,employee97@company.com,9876500097,2025-09-25,Software Engineer,Active
98,8,Employee98,User,employee98@company.com,9876500098,2025-09-24,Senior Engineer,Active
99,9,Employee99,User,employee99@company.com,9876500099,2025-09-23,Analyst,Active
100,10,Employee100,User,employee100@company.com,9876500100,2025-09-22,Manager,Active
101,1,Employee101,User,employee101@company.com,9876500101,2025-09-21,Consultant,Active
102,2,Employee102,User,employee102@company.com,9876500102,2025-09-20,Developer,Active
103,3,Employee103,User,employee103@company.com,9876500103,2025-09-19,Software Engineer,Active
104,4,Employee104,User,employee104@company.com,9876500104,2025-09-18,Senior Engineer,Active
105,5,Employee105,User,employee105@company.com,9876500105,2025-09-17,Analyst,Active
106,6,Employee106,User,employee106@company.com,9876500106,2025-09-16,Manager,Active
107,7,Employee107,User,employee107@company.com,9876500107,2025-09-15,Consultant,Active
108,8,Employee108,User,employee108@company.com,9876500108,2025-09-14,Developer,Active
109,9,Employee109,User,employee109@company.com,9876500109,2025-09-13,Software Engineer,Active
110,10,Employee110,User,employee110@company.com,9876500110,2025-09-12,Senior Engineer,Active
111,1,Employee111,User,employee111@company.com,9876500111,2025-09-11,Analyst,Active
112,2,Employee112,User,employee112@company.com,9876500112,2025-09-10,Manager,Active
113,3,Employee113,User,employee113@company.com,9876500113,2025-09-09,Consultant,Active
114,4,Employee114,User,employee114@company.com,9876500114,2025-09-08,Developer,Active
115,5,Employee115,User,employee115@company.com,9876500115,2025-09-07,Software Engineer,Active
116,6,Employee116,User,employee116@company.com,9876500116,2025-09-06,Senior Engineer,Active
117,7,Employee117,User,employee117@company.com,9876500117,2025-09-05,Analyst,Active
118,8,Employee118,User,employee118@company.com,9876500118,2025-09-04,Manager,Active
119,9,Employee119,User,employee119@company.com,9876500119,2025-09-03,Consultant,Active
120,10,Employee120,User,employee120@company.com,9876500120,2025-09-02,Developer,Active
121,1,Employee121,User,employee121@company.com,9876500121,2025-09-01,Software Engineer,Active
122,2,Employee122,User,employee122@company.com,9876500122,2025-08-31,Senior Engineer,Active
123,3,Employee123,User,employee123@company.com,9876500123,2025-08-30,Analyst,Active
124,4,Employee124,User,employee124@company.com,9876500124,2025-08-29,Manager,Active
125,5,Employee125,User,employee125@company.com,9876500125,2025-08-28,Consultant,Active
126,6,Employee126,User,employee126@company.com,9876500126,2025-08-27,Developer,Active
127,7,Employee127,User,employee127@company.com,9876500127,2025-08-26,Software Engineer,Active
128,8,Employee128,User,employee128@company.com,9876500128,2025-08-25,Senior Engineer,Active
129,9,Employee129,User,employee129@company.com,9876500129,2025-08-24,Analyst,Active
130,10,Employee130,User,employee130@company.com,9876500130,2025-08-23,Manager,Active
131,1,Employee131,User,employee131@company.com,9876500131,2025-08-22,Consultant,Active
132,2,Employee132,User,employee132@company.com,9876500132,2025-08-21,Developer,Active
133,3,Employee133,User,employee133@company.com,9876500133,2025-08-20,Software Engineer,Active
134,4,Employee134,User,employee134@company.com,9876500134,2025-08-19,Senior Engineer,Active
135,5,Employee135,User,employee135@company.com,9876500135,2025-08-18,Analyst,Active
136,6,Employee136,User,employee136@company.com,9876500136,2025-08-17,Manager,Active
137,7,Employee137,User,employee137@company.com,9876500137,2025-08-16,Consultant,Active
138,8,Employee138,User,employee138@company.com,9876500138,2025-08-15,Developer,Active
139,9,Employee139,User,employee139@company.com,9876500139,2025-08-14,Software Engineer,Active
140,10,Employee140,User,employee140@company.com,9876500140,2025-08-13,Senior Engineer,Active
141,1,Employee141,User,employee141@company.com,9876500141,2025-08-12,Analyst,Active
142,2,Employee142,User,employee142@company.com,9876500142,2025-08-11,Manager,Active
143,3,Employee143,User,employee143@company.com,9876500143,2025-08-10,Consultant,Active
144,4,Employee144,User,employee144@company.com,9876500144,2025-08-09,Developer,Active
145,5,Employee145,User,employee145@company.com,9876500145,2025-08-08,Software Engineer,Active
146,6,Employee146,User,employee146@company.com,9876500146,2025-08-07,Senior Engineer,Active
147,7,Employee147,User,employee147@company.com,9876500147,2025-08-06,Analyst,Active
148,8,Employee148,User,employee148@company.com,9876500148,2025-08-05,Manager,Active
149,9,Employee149,User,employee149@company.com,9876500149,2025-08-04,Consultant,Active
150,10,Employee150,User,employee150@company.com,9876500150,2025-08-03,Developer,Active
151,1,Employee151,User,employee151@company.com,9876500151,2025-08-02,Software Engineer,Active
152,2,Employee152,User,employee152@company.com,9876500152,2025-08-01,Senior Engineer,Active
153,3,Employee153,User,employee153@company.com,9876500153,2025-07-31,Analyst,Active
154,4,Employee154,User,employee154@company.com,9876500154,2025-07-30,Manager,Active
155,5,Employee155,User,employee155@company.com,9876500155,2025-07-29,Consultant,Active
156,6,Employee156,User,employee156@company.com,9876500156,2025-07-28,Developer,Active
157,7,Employee157,User,employee157@company.com,9876500157,2025-07-27,Software Engineer,Active
158,8,Employee158,User,employee158@company.com,9876500158,2025-07-26,Senior Engineer,Active
159,9,Employee159,User,employee159@company.com,9876500159,2025-07-25,Analyst,Active
160,10,Employee160,User,employee160@company.com,9876500160,2025-07-24,Manager,Active
161,1,Employee161,User,employee161@company.com,9876500161,2025-07-23,Consultant,Active
162,2,Employee162,User,employee162@company.com,9876500162,2025-07-22,Developer,Active
163,3,Employee163,User,employee163@company.com,9876500163,2025-07-21,Software Engineer,Active
164,4,Employee164,User,employee164@company.com,9876500164,2025-07-20,Senior Engineer,Active
165,5,Employee165,User,employee165@company.com,9876500165,2025-07-19,Analyst,Active
166,6,Employee166,User,employee166@company.com,9876500166,2025-07-18,Manager,Active
167,7,Employee167,User,employee167@company.com,9876500167,2025-07-17,Consultant,Active
168,8,Employee168,User,employee168@company.com,9876500168,2025-07-16,Developer,Active
169,9,Employee169,User,employee169@company.com,9876500169,2025-07-15,Software Engineer,Active
170,10,Employee170,User,employee170@company.com,9876500170,2025-07-14,Senior Engineer,Active
171,1,Employee171,User,employee171@company.com,9876500171,2025-07-13,Analyst,Active
172,2,Employee172,User,employee172@company.com,9876500172,2025-07-12,Manager,Active
173,3,Employee173,User,employee173@company.com,9876500173,2025-07-11,Consultant,Active
174,4,Employee174,User,employee174@company.com,9876500174,2025-07-10,Developer,Active
175,5,Employee175,User,employee175@company.com,9876500175,2025-07-09,Software Engineer,Active
176,6,Employee176,User,employee176@company.com,9876500176,2025-07-08,Senior Engineer,Active
177,7,Employee177,User,employee177@company.com,9876500177,2025-07-07,Analyst,Active
178,8,Employee178,User,employee178@company.com,9876500178,2025-07-06,Manager,Active
179,9,Employee179,User,employee179@company.com,9876500179,2025-07-05,Consultant,Active
180,10,Employee180,User,employee180@company.com,9876500180,2025-07-04,Developer,Active
181,1,Employee181,User,employee181@company.com,9876500181,2025-07-03,Software Engineer,Active
182,2,Employee182,User,employee182@company.com,9876500182,2025-07-02,Senior Engineer,Active
183,3,Employee183,User,employee183@company.com,9876500183,2025-07-01,Analyst,Active
184,4,Employee184,User,employee184@company.com,9876500184,2025-06-30,Manager,Active
185,5,Employee185,User,employee185@company.com,9876500185,2025-06-29,Consultant,Active
186,6,Employee186,User,employee186@company.com,9876500186,2025-06-28,Developer,Active
187,7,Employee187,User,employee187@company.com,9876500187,2025-06-27,Software Engineer,Active
188,8,Employee188,User,employee188@company.com,9876500188,2025-06-26,Senior Engineer,Active
189,9,Employee189,User,employee189@company.com,9876500189,2025-06-25,Analyst,Active
190,10,Employee190,User,employee190@company.com,9876500190,2025-06-24,Manager,Active
191,1,Employee191,User,employee191@company.com,9876500191,2025-06-23,Consultant,Active
192,2,Employee192,User,employee192@company.com,9876500192,2025-06-22,Developer,Active
193,3,Employee193,User,employee193@company.com,9876500193,2025-06-21,Software Engineer,Active
194,4,Employee194,User,employee194@company.com,9876500194,2025-06-20,Senior Engineer,Active
195,5,Employee195,User,employee195@company.com,9876500195,2025-06-19,Analyst,Active
196,6,Employee196,User,employee196@company.com,9876500196,2025-06-18,Manager,Active
197,7,Employee197,User,employee197@company.com,9876500197,2025-06-17,Consultant,Active
198,8,Employee198,User,employee198@company.com,9876500198,2025-06-16,Developer,Active
199,9,Employee199,User,employee199@company.com,9876500199,2025-06-15,Software Engineer,Active
200,10,Employee200,User,employee200@company.com,9876500200,2025-06-14,Senior Engineer,Active
